session,date,start_time,end_time
Java Fundamentals,2026-05-12,09:00,10:30
Collections and Generics,2026-05-13,09:00,11:30
Exceptions and File I/O,2026-05-14,09:00,12:00
OCA Exam Review,2026-05-15,13:00,17:00
Mock Exam,2026-05-22,09:00,13:00
Certification Exam,2026-06-01,09:00,12:00
Java Fundamentals,2026-05-12,09:00,10:30
Collections and Generics,2026-05-13,09:00,11:30
Exceptions and File I/O,2026-05-14,09:00,12:00
OCA Exam Review,2026-05-15,13:00,17:00
Mock Exam,2026-05-22,09:00,13:00
Certification Exam,2026-06-01,09:00,12:00
Java Fundamentals,2026-05-12,09:00,10:30
Collections and Generics,2026-05-13,09:00,11:30
Exceptions and File I/O,2026-05-14,09:00,12:00
OCA Exam Review,2026-05-15,13:00,17:00
Mock Exam,2026-05-22,09:00,13:00
Certification Exam,2026-06-01,09:00,12:00
Java Fundamentals,2026-05-12,09:00,10:30
Collections and Generics,2026-05-13,09:00,11:30
Exceptions and File I/O,2026-05-14,09:00,12:00
OCA Exam Review,2026-05-15,13:00,17:00
Mock Exam,2026-05-22,09:00,13:00
Certification Exam,2026-06-01,09:00,12:00
Java Fundamentals,2026-05-12,09:00,10:30
Collections and Generics,2026-05-13,09:00,11:30
Exceptions and File I/O,2026-05-14,09:00,12:00
OCA Exam Review,2026-05-15,13:00,17:00
Mock Exam,2026-05-22,09:00,13:00
Certification Exam,2026-06-01,09:00,12:00
Java Fundamentals,2026-05-12,09:00,10:30
Collections and Generics,2026-05-13,09:00,11:30
Exceptions and File I/O,2026-05-14,09:00,12:00
OCA Exam Review,2026-05-15,13:00,17:00
Mock Exam,2026-05-22,09:00,13:00
Certification Exam,2026-06-01,09:00,12:00
Java Fundamentals,2026-05-12,09:00,10:30
Collections and Generics,2026-05-13,09:00,11:30
Exceptions and File I/O,2026-05-14,09:00,12:00
OCA Exam Review,2026-05-15,13:00,17:00
Mock Exam,2026-05-22,09:00,13:00
Certification Exam,2026-06-01,09:00,12:00
Java Fundamentals,2026-05-12,09:00,10:30
Collections and Generics,2026-05-13,09:00,11:30
Exceptions and File I/O,2026-05-14,09:00,12:00
OCA Exam Review,2026-05-15,13:00,17:00
Mock Exam,2026-05-22,09:00,13:00
Certification Exam,2026-06-01,09:00,12:00
Java Fundamentals,2026-05-12,09:00,10:30
Collections and Generics,2026-05-13,09:00,11:30
Exceptions and File I/O,2026-05-14,09:00,12:00
OCA Exam Review,2026-05-15,13:00,17:00
Mock Exam,2026-05-22,09:00,13:00
Certification Exam,2026-06-01,09:00,12:00
Java Fundamentals,2026-05-12,09:00,10:30
Collections and Generics,2026-05-13,09:00,11:30
Exceptions and File I/O,2026-05-14,09:00,12:00
OCA Exam Review,2026-05-15,13:00,17:00
Mock Exam,2026-05-22,09:00,13:00
Certification Exam,2026-06-01,09:00,12:00
Java Fundamentals,2026-05-12,09:00,10:30
Collections and Generics,2026-05-13,09:00,11:30
Exceptions and File I/O,2026-05-14,09:00,12:00
OCA Exam Review,2026-05-15,13:00,17:00
Mock Exam,2026-05-22,09:00,13:00
Certification Exam,2026-06-01,09:00,12:00
Java Fundamentals,2026-05-12,09:00,10:30
Collections and Generics,2026-05-13,09:00,11:30
Exceptions and File I/O,2026-05-14,09:00,12:00
OCA Exam Review,2026-05-15,13:00,17:00
Mock Exam,2026-05-22,09:00,13:00
Certification Exam,2026-06-01,09:00,12:00
Java Fundamentals,2026-05-12,09:00,10:30
Collections and Generics,2026-05-13,09:00,11:30
Exceptions and File I/O,2026-05-14,09:00,12:00
OCA Exam Review,2026-05-15,13:00,17:00
Mock Exam,2026-05-22,09:00,13:00
Certification Exam,2026-06-01,09:00,12:00
Java Fundamentals,2026-05-12,09:00,10:30
Collections and Generics,2026-05-13,09:00,11:30
Exceptions and File I/O,2026-05-14,09:00,12:00
OCA Exam Review,2026-05-15,13:00,17:00
Mock Exam,2026-05-22,09:00,13:00
Certification Exam,2026-06-01,09:00,12:00
Java Fundamentals,2026-05-12,09:00,10:30
Collections and Generics,2026-05-13,09:00,11:30
Exceptions and File I/O,2026-05-14,09:00,12:00
OCA Exam Review,2026-05-15,13:00,17:00
Mock Exam,2026-05-22,09:00,13:00
Certification Exam,2026-06-01,09:00,12:00
Java Fundamentals,2026-05-12,09:00,10:30
Collections and Generics,2026-05-13,09:00,11:30
Exceptions and File I/O,2026-05-14,09:00,12:00
OCA Exam Review,2026-05-15,13:00,17:00
Mock Exam,2026-05-22,09:00,13:00
Certification Exam,2026-06-01,09:00,12:00
Java Fundamentals,2026-05-12,09:00,10:30
Collections and Generics,2026-05-13,09:00,11:30
Exceptions and File I/O,2026-05-14,09:00,12:00
OCA Exam Review,2026-05-15,13:00,17:00
Mock Exam,2026-05-22,09:00,13:00
Certification Exam,2026-06-01,09:00,12:00
Java Fundamentals,2026-05-12,09:00,10:30
Collections and Generics,2026-05-13,09:00,11:30
Exceptions and File I/O,2026-05-14,09:00,12:00
OCA Exam Review,2026-05-15,13:00,17:00
Mock Exam,2026-05-22,09:00,13:00
Certification Exam,2026-06-01,09:00,12:00
---EOF--